{"loss": [1.25795316696167, 0.9551662802696228, 0.8655953407287598, 0.8140172958374023, 0.7815338969230652], "accuracy": [0.5150331258773804, 0.5394676923751831, 0.5460986495018005, 0.551215648651123, 0.5528810024261475], "val_loss": [2.224365234375, 2.705280065536499, 3.2966771125793457, 3.6799283027648926, 3.5636136531829834], "val_accuracy": [0.22184507548809052, 0.20111528038978577, 0.15456418693065643, 0.1504424810409546, 0.1909322291612625]}