{"loss": [1.6506426334381104, 1.0846198797225952, 0.8817317485809326, 0.7077385783195496, 0.6362798810005188, 0.5538365244865417, 0.47473499178886414, 0.4665297567844391, 0.4212090075016022, 0.39695554971694946], "accuracy": [0.5341615080833435, 0.6675015091896057, 0.7246043086051941, 0.7704868912696838, 0.7990883588790894, 0.820777416229248, 0.8449208736419678, 0.8499799370765686, 0.8657082915306091, 0.8745742440223694], "val_loss": [1.1129704713821411, 1.033109188079834, 0.6122264862060547, 1.6442830562591553, 0.48765841126441956, 0.5325299501419067, 0.4518376886844635, 0.7035300135612488, 0.3178938627243042, 0.37321582436561584], "val_accuracy": [0.660778820514679, 0.6806503534317017, 0.7932557463645935, 0.6031714081764221, 0.8378161191940308, 0.8378161191940308, 0.859494149684906, 0.7912485003471375, 0.90305095911026, 0.8785628080368042], "lr": [0.0005000000237487257, 0.0005000000237487257, 0.0005000000237487257, 0.0005000000237487257, 0.0005000000237487257, 0.0005000000237487257, 0.0005000000237487257, 0.0005000000237487257, 0.0005000000237487257, 0.0005000000237487257]}